family_name,operator_name,symbol_name,category,arity,forms,component_rank,complex_output,feature_flag,stability,declared_in,compiled_in_profiles,oracle_covered,helper_kind,canonical_family,unsupported_policy,unsupported_owner
"1e","overlap","int1e_ovlp_cart","1e",2,"cart","",false,"none","stable","unknown","base|with-f12|with-4c1e|with-f12+with-4c1e",true,"operator","1e","",""
"1e","overlap","int1e_ovlp_sph","1e",2,"sph","",false,"none","stable","unknown","base|with-f12|with-4c1e|with-f12+with-4c1e",true,"operator","1e","",""
"1e","overlap","int1e_ovlp_spinor","1e",2,"spinor","",true,"none","stable","unknown","base|with-f12|with-4c1e|with-f12+with-4c1e",true,"operator","1e","",""
"1e","kinetic","int1e_kin_cart","1e",2,"cart","",false,"none","stable","unknown","base|with-f12|with-4c1e|with-f12+with-4c1e",true,"operator","1e","",""
"1e","kinetic","int1e_kin_sph","1e",2,"sph","",false,"none","stable","unknown","base|with-f12|with-4c1e|with-f12+with-4c1e",true,"operator","1e","",""
"1e","kinetic","int1e_kin_spinor","1e",2,"spinor","",true,"none","stable","unknown","base|with-f12|with-4c1e|with-f12+with-4c1e",true,"operator","1e","",""
"1e","nuclear-attraction","int1e_nuc_cart","1e",2,"cart","",false,"none","stable","unknown","base|with-f12|with-4c1e|with-f12+with-4c1e",true,"operator","1e","",""
"1e","nuclear-attraction","int1e_nuc_sph","1e",2,"sph","",false,"none","stable","unknown","base|with-f12|with-4c1e|with-f12+with-4c1e",true,"operator","1e","",""
"1e","nuclear-attraction","int1e_nuc_spinor","1e",2,"spinor","",true,"none","stable","unknown","base|with-f12|with-4c1e|with-f12+with-4c1e",true,"operator","1e","",""
"2e","electron-repulsion","int2e_cart","2e",4,"cart","",false,"none","stable","unknown","base|with-f12|with-4c1e|with-f12+with-4c1e",true,"operator","2e","",""
"2e","electron-repulsion","int2e_sph","2e",4,"sph","",false,"none","stable","unknown","base|with-f12|with-4c1e|with-f12+with-4c1e",true,"operator","2e","",""
"2e","electron-repulsion","int2e_spinor","2e",4,"spinor","",true,"none","stable","unknown","base|with-f12|with-4c1e|with-f12+with-4c1e",true,"operator","2e","",""
"2c2e","electron-repulsion","int2c2e_cart","2c2e",2,"cart","",false,"none","stable","unknown","base|with-f12|with-4c1e|with-f12+with-4c1e",true,"operator","2c2e","",""
"2c2e","electron-repulsion","int2c2e_sph","2c2e",2,"sph","",false,"none","stable","unknown","base|with-f12|with-4c1e|with-f12+with-4c1e",true,"operator","2c2e","",""
"2c2e","electron-repulsion","int2c2e_spinor","2c2e",2,"spinor","",true,"none","stable","unknown","base|with-f12|with-4c1e|with-f12+with-4c1e",true,"operator","2c2e","",""
"3c1e","kinetic","int3c1e_p2_cart","3c1e",3,"cart","",false,"none","stable","unknown","base|with-f12|with-4c1e|with-f12+with-4c1e",true,"operator","3c1e","",""
"3c1e","kinetic","int3c1e_p2_sph","3c1e",3,"sph","",false,"none","stable","unknown","base|with-f12|with-4c1e|with-f12+with-4c1e",true,"operator","3c1e","",""
"3c1e","overlap","int3c1e_cart","3c1e",3,"cart","",false,"none","stable","unknown","base|with-f12|with-4c1e|with-f12+with-4c1e",true,"operator","3c1e","",""
"3c1e","overlap","int3c1e_sph","3c1e",3,"sph","",false,"none","stable","unknown","base|with-f12|with-4c1e|with-f12+with-4c1e",true,"operator","3c1e","",""
"3c2e","ip1","int3c2e_ip1_cart","3c2e",3,"cart","3",false,"none","stable","unknown","base|with-f12|with-4c1e|with-f12+with-4c1e",true,"operator","3c2e","",""
"3c2e","ip1","int3c2e_ip1_sph","3c2e",3,"sph","3",false,"none","stable","unknown","base|with-f12|with-4c1e|with-f12+with-4c1e",true,"operator","3c2e","",""
"3c2e","ip1","int3c2e_ip1_spinor","3c2e",3,"spinor","3",true,"none","stable","unknown","base|with-f12|with-4c1e|with-f12+with-4c1e",true,"operator","3c2e","",""
"3c2e","electron-repulsion","int3c2e_cart","3c2e",3,"cart","",false,"none","stable","unknown","base|with-f12|with-4c1e|with-f12+with-4c1e",true,"operator","3c2e","",""
"3c2e","electron-repulsion","int3c2e_sph","3c2e",3,"sph","",false,"none","stable","unknown","base|with-f12|with-4c1e|with-f12+with-4c1e",true,"operator","3c2e","",""
"4c1e","electron-repulsion","int4c1e_cart","4c1e",4,"cart","",false,"with-4c1e","optional","src/cint4c1e.c","with-4c1e|with-f12+with-4c1e",true,"operator","4c1e","",""
"4c1e","electron-repulsion","int4c1e_sph","4c1e",4,"sph","",false,"with-4c1e","optional","src/cint4c1e.c","with-4c1e|with-f12+with-4c1e",true,"operator","4c1e","",""
"1e","ecp","int1e_ecp_cart","1e",2,"cart","",false,"none","stable","unknown","base|with-f12|with-4c1e|with-f12+with-4c1e",true,"operator","ecp","",""
"1e","ecp","int1e_ecp_sph","1e",2,"sph","",false,"none","stable","unknown","base|with-f12|with-4c1e|with-f12+with-4c1e",true,"operator","ecp","",""
"1e","ecp_ipnuc","int1e_ecp_ipnuc_cart","1e",2,"cart","3",false,"none","stable","unknown","base|with-f12|with-4c1e|with-f12+with-4c1e",true,"operator","ecp","",""
"1e","ecp_ipnuc","int1e_ecp_ipnuc_sph","1e",2,"sph","3",false,"none","stable","unknown","base|with-f12|with-4c1e|with-f12+with-4c1e",true,"operator","ecp","",""
"3c1e","overlap","int3c1e_spinor","3c1e",3,"spinor","1",true,"none","stable","unknown","base|with-f12|with-4c1e|with-f12+with-4c1e",false,"operator","3c1e","no_upstream_oracle","wave-5-W5-01"
"helper","CINTlen_cart","CINTlen_cart","helper",0,"cart|helper","scalar",false,"none","stable","include/cint.h.in","base|with-f12|with-4c1e|with-f12+with-4c1e",true,"helper","helper","",""
"helper","CINTlen_spinor","CINTlen_spinor","helper",0,"spinor|helper","scalar",false,"none","stable","include/cint.h.in","base|with-f12|with-4c1e|with-f12+with-4c1e",true,"helper","helper","",""
"helper","CINTcgtos_cart","CINTcgtos_cart","helper",0,"cart|helper","scalar",false,"none","stable","include/cint.h.in","base|with-f12|with-4c1e|with-f12+with-4c1e",true,"helper","helper","",""
"helper","CINTcgtos_spheric","CINTcgtos_spheric","helper",0,"sph|helper","scalar",false,"none","stable","include/cint.h.in","base|with-f12|with-4c1e|with-f12+with-4c1e",true,"helper","helper","",""
"helper","CINTcgtos_spinor","CINTcgtos_spinor","helper",0,"spinor|helper","scalar",false,"none","stable","include/cint.h.in","base|with-f12|with-4c1e|with-f12+with-4c1e",true,"helper","helper","",""
"helper","CINTcgto_cart","CINTcgto_cart","helper",0,"cart|helper","scalar",false,"none","stable","include/cint.h.in","base|with-f12|with-4c1e|with-f12+with-4c1e",true,"helper","helper","",""
"helper","CINTcgto_spheric","CINTcgto_spheric","helper",0,"sph|helper","scalar",false,"none","stable","include/cint.h.in","base|with-f12|with-4c1e|with-f12+with-4c1e",true,"helper","helper","",""
"helper","CINTcgto_spinor","CINTcgto_spinor","helper",0,"spinor|helper","scalar",false,"none","stable","include/cint.h.in","base|with-f12|with-4c1e|with-f12+with-4c1e",true,"helper","helper","",""
"helper","CINTtot_pgto_spheric","CINTtot_pgto_spheric","helper",0,"sph|helper","scalar",false,"none","stable","include/cint.h.in","base|with-f12|with-4c1e|with-f12+with-4c1e",true,"helper","helper","",""
"helper","CINTtot_pgto_spinor","CINTtot_pgto_spinor","helper",0,"spinor|helper","scalar",false,"none","stable","include/cint.h.in","base|with-f12|with-4c1e|with-f12+with-4c1e",true,"helper","helper","",""
"helper","CINTtot_cgto_cart","CINTtot_cgto_cart","helper",0,"cart|helper","scalar",false,"none","stable","include/cint.h.in","base|with-f12|with-4c1e|with-f12+with-4c1e",true,"helper","helper","",""
"helper","CINTtot_cgto_spheric","CINTtot_cgto_spheric","helper",0,"sph|helper","scalar",false,"none","stable","include/cint.h.in","base|with-f12|with-4c1e|with-f12+with-4c1e",true,"helper","helper","",""
"helper","CINTtot_cgto_spinor","CINTtot_cgto_spinor","helper",0,"spinor|helper","scalar",false,"none","stable","include/cint.h.in","base|with-f12|with-4c1e|with-f12+with-4c1e",true,"helper","helper","",""
"helper","CINTshells_cart_offset","CINTshells_cart_offset","helper",0,"cart|helper","scalar",false,"none","stable","include/cint.h.in","base|with-f12|with-4c1e|with-f12+with-4c1e",true,"helper","helper","",""
"helper","CINTshells_spheric_offset","CINTshells_spheric_offset","helper",0,"sph|helper","scalar",false,"none","stable","include/cint.h.in","base|with-f12|with-4c1e|with-f12+with-4c1e",true,"helper","helper","",""
"helper","CINTshells_spinor_offset","CINTshells_spinor_offset","helper",0,"spinor|helper","scalar",false,"none","stable","include/cint.h.in","base|with-f12|with-4c1e|with-f12+with-4c1e",true,"helper","helper","",""
"helper","CINTgto_norm","CINTgto_norm","helper",0,"helper","scalar",false,"none","stable","include/cint.h.in","base|with-f12|with-4c1e|with-f12+with-4c1e",true,"helper","helper","",""
"helper","CINTc2s_bra_sph","CINTc2s_bra_sph","helper",0,"sph|transform","scalar",false,"none","stable","include/cint.h.in","base|with-f12|with-4c1e|with-f12+with-4c1e",true,"transform","helper","",""
"helper","CINTc2s_ket_sph","CINTc2s_ket_sph","helper",0,"sph|transform","scalar",false,"none","stable","include/cint.h.in","base|with-f12|with-4c1e|with-f12+with-4c1e",true,"transform","helper","",""
"helper","CINTc2s_ket_sph1","CINTc2s_ket_sph1","helper",0,"sph|transform","scalar",false,"none","stable","include/cint.h.in","base|with-f12|with-4c1e|with-f12+with-4c1e",true,"transform","helper","",""
"helper","CINTc2s_ket_spinor_sf1","CINTc2s_ket_spinor_sf1","helper",0,"spinor|transform","scalar",false,"none","stable","include/cint.h.in","base|with-f12|with-4c1e|with-f12+with-4c1e",true,"transform","helper","",""
"helper","CINTc2s_iket_spinor_sf1","CINTc2s_iket_spinor_sf1","helper",0,"spinor|transform","scalar",false,"none","stable","include/cint.h.in","base|with-f12|with-4c1e|with-f12+with-4c1e",true,"transform","helper","",""
"helper","CINTc2s_ket_spinor_si1","CINTc2s_ket_spinor_si1","helper",0,"spinor|transform","scalar",false,"none","stable","include/cint.h.in","base|with-f12|with-4c1e|with-f12+with-4c1e",true,"transform","helper","",""
"helper","CINTc2s_iket_spinor_si1","CINTc2s_iket_spinor_si1","helper",0,"spinor|transform","scalar",false,"none","stable","include/cint.h.in","base|with-f12|with-4c1e|with-f12+with-4c1e",true,"transform","helper","",""
"2e","CINTinit_2e_optimizer","CINTinit_2e_optimizer","helper",0,"optimizer","scalar",false,"none","stable","include/cint.h.in","base|with-f12|with-4c1e|with-f12+with-4c1e",true,"optimizer","2e","",""
"2e","CINTinit_optimizer","CINTinit_optimizer","helper",0,"optimizer","scalar",false,"none","stable","include/cint.h.in","base|with-f12|with-4c1e|with-f12+with-4c1e",true,"optimizer","2e","",""
"2e","CINTdel_2e_optimizer","CINTdel_2e_optimizer","helper",0,"optimizer","scalar",false,"none","stable","include/cint.h.in","base|with-f12|with-4c1e|with-f12+with-4c1e",true,"optimizer","2e","",""
"2e","CINTdel_optimizer","CINTdel_optimizer","helper",0,"optimizer","scalar",false,"none","stable","include/cint.h.in","base|with-f12|with-4c1e|with-f12+with-4c1e",true,"optimizer","2e","",""
"2e","int2e_cart_optimizer","int2e_cart_optimizer","helper",0,"optimizer|cart","scalar",false,"none","stable","include/cint.h.in","base|with-f12|with-4c1e|with-f12+with-4c1e",true,"optimizer","2e","",""
"2e","int2e_sph_optimizer","int2e_sph_optimizer","helper",0,"optimizer|sph","scalar",false,"none","stable","include/cint.h.in","base|with-f12|with-4c1e|with-f12+with-4c1e",true,"optimizer","2e","",""
"2e","int2e_optimizer","int2e_optimizer","helper",0,"optimizer","scalar",false,"none","stable","include/cint.h.in","base|with-f12|with-4c1e|with-f12+with-4c1e",true,"optimizer","2e","",""
"1e","cint1e_kin_cart","cint1e_kin_cart","legacy",2,"legacy-wrapper|cart","scalar",false,"none","stable","src/misc.h","base|with-f12|with-4c1e|with-f12+with-4c1e",true,"legacy","1e","",""
"1e","cint1e_kin_sph","cint1e_kin_sph","legacy",2,"legacy-wrapper|sph","scalar",false,"none","stable","src/misc.h","base|with-f12|with-4c1e|with-f12+with-4c1e",true,"legacy","1e","",""
"1e","cint1e_kin","cint1e_kin","legacy",2,"legacy-wrapper|spinor","scalar",false,"none","stable","src/misc.h","base|with-f12|with-4c1e|with-f12+with-4c1e",true,"legacy","1e","",""
"1e","cint1e_nuc_cart","cint1e_nuc_cart","legacy",2,"legacy-wrapper|cart","scalar",false,"none","stable","src/misc.h","base|with-f12|with-4c1e|with-f12+with-4c1e",true,"legacy","1e","",""
"1e","cint1e_nuc_sph","cint1e_nuc_sph","legacy",2,"legacy-wrapper|sph","scalar",false,"none","stable","src/misc.h","base|with-f12|with-4c1e|with-f12+with-4c1e",true,"legacy","1e","",""
"1e","cint1e_nuc","cint1e_nuc","legacy",2,"legacy-wrapper|spinor","scalar",false,"none","stable","src/misc.h","base|with-f12|with-4c1e|with-f12+with-4c1e",true,"legacy","1e","",""
"1e","cint1e_nuc_cart_optimizer","cint1e_nuc_cart_optimizer","legacy",2,"legacy-wrapper|optimizer","scalar",false,"none","stable","src/misc.h","base|with-f12|with-4c1e|with-f12+with-4c1e",true,"legacy","1e","",""
"1e","cint1e_nuc_sph_optimizer","cint1e_nuc_sph_optimizer","legacy",2,"legacy-wrapper|optimizer","scalar",false,"none","stable","src/misc.h","base|with-f12|with-4c1e|with-f12+with-4c1e",true,"legacy","1e","",""
"1e","cint1e_nuc_optimizer","cint1e_nuc_optimizer","legacy",2,"legacy-wrapper|optimizer","scalar",false,"none","stable","src/misc.h","base|with-f12|with-4c1e|with-f12+with-4c1e",true,"legacy","1e","",""
"1e","cint1e_ovlp_cart","cint1e_ovlp_cart","legacy",2,"legacy-wrapper|cart","scalar",false,"none","stable","src/misc.h","base|with-f12|with-4c1e|with-f12+with-4c1e",true,"legacy","1e","",""
"1e","cint1e_ovlp_sph","cint1e_ovlp_sph","legacy",2,"legacy-wrapper|sph","scalar",false,"none","stable","src/misc.h","base|with-f12|with-4c1e|with-f12+with-4c1e",true,"legacy","1e","",""
"1e","cint1e_ovlp","cint1e_ovlp","legacy",2,"legacy-wrapper|spinor","scalar",false,"none","stable","src/misc.h","base|with-f12|with-4c1e|with-f12+with-4c1e",true,"legacy","1e","",""
"1e","cint1e_ovlp_cart_optimizer","cint1e_ovlp_cart_optimizer","legacy",2,"legacy-wrapper|optimizer","scalar",false,"none","stable","src/misc.h","base|with-f12|with-4c1e|with-f12+with-4c1e",true,"legacy","1e","",""
"1e","cint1e_ovlp_sph_optimizer","cint1e_ovlp_sph_optimizer","legacy",2,"legacy-wrapper|optimizer","scalar",false,"none","stable","src/misc.h","base|with-f12|with-4c1e|with-f12+with-4c1e",true,"legacy","1e","",""
"1e","cint1e_ovlp_optimizer","cint1e_ovlp_optimizer","legacy",2,"legacy-wrapper|optimizer","scalar",false,"none","stable","src/misc.h","base|with-f12|with-4c1e|with-f12+with-4c1e",true,"legacy","1e","",""
"2c2e","cint2c2e_cart","cint2c2e_cart","legacy",2,"legacy-wrapper|cart","scalar",false,"none","stable","src/misc.h","base|with-f12|with-4c1e|with-f12+with-4c1e",true,"legacy","2c2e","",""
"2c2e","cint2c2e_sph","cint2c2e_sph","legacy",2,"legacy-wrapper|sph","scalar",false,"none","stable","src/misc.h","base|with-f12|with-4c1e|with-f12+with-4c1e",true,"legacy","2c2e","",""
"2c2e","cint2c2e","cint2c2e","legacy",2,"legacy-wrapper|spinor","scalar",false,"none","stable","src/misc.h","base|with-f12|with-4c1e|with-f12+with-4c1e",true,"legacy","2c2e","",""
"2c2e","cint2c2e_cart_optimizer","cint2c2e_cart_optimizer","legacy",2,"legacy-wrapper|optimizer","scalar",false,"none","stable","src/misc.h","base|with-f12|with-4c1e|with-f12+with-4c1e",true,"legacy","2c2e","",""
"2c2e","cint2c2e_sph_optimizer","cint2c2e_sph_optimizer","legacy",2,"legacy-wrapper|optimizer","scalar",false,"none","stable","src/misc.h","base|with-f12|with-4c1e|with-f12+with-4c1e",true,"legacy","2c2e","",""
"2c2e","cint2c2e_optimizer","cint2c2e_optimizer","legacy",2,"legacy-wrapper|optimizer","scalar",false,"none","stable","src/misc.h","base|with-f12|with-4c1e|with-f12+with-4c1e",true,"legacy","2c2e","",""
"2e","cint2e_cart","cint2e_cart","legacy",4,"legacy-wrapper|cart","scalar",false,"none","stable","src/misc.h","base|with-f12|with-4c1e|with-f12+with-4c1e",true,"legacy","2e","",""
"2e","cint2e_sph","cint2e_sph","legacy",4,"legacy-wrapper|sph","scalar",false,"none","stable","src/misc.h","base|with-f12|with-4c1e|with-f12+with-4c1e",true,"legacy","2e","",""
"2e","cint2e","cint2e","legacy",4,"legacy-wrapper|spinor","scalar",false,"none","stable","src/misc.h","base|with-f12|with-4c1e|with-f12+with-4c1e",true,"legacy","2e","",""
"2e","cint2e_cart_optimizer","cint2e_cart_optimizer","legacy",4,"legacy-wrapper|optimizer","scalar",false,"none","stable","src/misc.h","base|with-f12|with-4c1e|with-f12+with-4c1e",true,"legacy","2e","",""
"2e","cint2e_sph_optimizer","cint2e_sph_optimizer","legacy",4,"legacy-wrapper|optimizer","scalar",false,"none","stable","src/misc.h","base|with-f12|with-4c1e|with-f12+with-4c1e",true,"legacy","2e","",""
"2e","cint2e_optimizer","cint2e_optimizer","legacy",4,"legacy-wrapper|optimizer","scalar",false,"none","stable","src/misc.h","base|with-f12|with-4c1e|with-f12+with-4c1e",true,"legacy","2e","",""
"3c1e","cint3c1e_p2_cart","cint3c1e_p2_cart","legacy",3,"legacy-wrapper|cart","scalar",false,"none","stable","src/misc.h","base|with-f12|with-4c1e|with-f12+with-4c1e",true,"legacy","3c1e","",""
"3c1e","cint3c1e_p2_sph","cint3c1e_p2_sph","legacy",3,"legacy-wrapper|sph","scalar",false,"none","stable","src/misc.h","base|with-f12|with-4c1e|with-f12+with-4c1e",true,"legacy","3c1e","",""
"3c1e","cint3c1e_p2","cint3c1e_p2","legacy",3,"legacy-wrapper|spinor","scalar",false,"none","stable","src/misc.h","base|with-f12|with-4c1e|with-f12+with-4c1e",true,"legacy","3c1e","",""
"3c1e","cint3c1e_p2_cart_optimizer","cint3c1e_p2_cart_optimizer","legacy",3,"legacy-wrapper|optimizer","scalar",false,"none","stable","src/misc.h","base|with-f12|with-4c1e|with-f12+with-4c1e",true,"legacy","3c1e","",""
"3c1e","cint3c1e_p2_sph_optimizer","cint3c1e_p2_sph_optimizer","legacy",3,"legacy-wrapper|optimizer","scalar",false,"none","stable","src/misc.h","base|with-f12|with-4c1e|with-f12+with-4c1e",true,"legacy","3c1e","",""
"3c1e","cint3c1e_p2_optimizer","cint3c1e_p2_optimizer","legacy",3,"legacy-wrapper|optimizer","scalar",false,"none","stable","src/misc.h","base|with-f12|with-4c1e|with-f12+with-4c1e",true,"legacy","3c1e","",""
"3c1e","cint3c1e_cart","cint3c1e_cart","legacy",3,"legacy-wrapper|cart","scalar",false,"none","stable","src/misc.h","base|with-f12|with-4c1e|with-f12+with-4c1e",true,"legacy","3c1e","",""
"3c1e","cint3c1e_sph","cint3c1e_sph","legacy",3,"legacy-wrapper|sph","scalar",false,"none","stable","src/misc.h","base|with-f12|with-4c1e|with-f12+with-4c1e",true,"legacy","3c1e","",""
"3c1e","cint3c1e","cint3c1e","legacy",3,"legacy-wrapper|spinor","scalar",false,"none","stable","src/misc.h","base|with-f12|with-4c1e|with-f12+with-4c1e",true,"legacy","3c1e","",""
"3c1e","cint3c1e_cart_optimizer","cint3c1e_cart_optimizer","legacy",3,"legacy-wrapper|optimizer","scalar",false,"none","stable","src/misc.h","base|with-f12|with-4c1e|with-f12+with-4c1e",true,"legacy","3c1e","",""
"3c1e","cint3c1e_sph_optimizer","cint3c1e_sph_optimizer","legacy",3,"legacy-wrapper|optimizer","scalar",false,"none","stable","src/misc.h","base|with-f12|with-4c1e|with-f12+with-4c1e",true,"legacy","3c1e","",""
"3c1e","cint3c1e_optimizer","cint3c1e_optimizer","legacy",3,"legacy-wrapper|optimizer","scalar",false,"none","stable","src/misc.h","base|with-f12|with-4c1e|with-f12+with-4c1e",true,"legacy","3c1e","",""
"3c2e","cint3c2e_ip1_cart","cint3c2e_ip1_cart","legacy",3,"legacy-wrapper|cart","scalar",false,"none","stable","src/misc.h","base|with-f12|with-4c1e|with-f12+with-4c1e",true,"legacy","3c2e","",""
"3c2e","cint3c2e_ip1_sph","cint3c2e_ip1_sph","legacy",3,"legacy-wrapper|sph","scalar",false,"none","stable","src/misc.h","base|with-f12|with-4c1e|with-f12+with-4c1e",true,"legacy","3c2e","",""
"3c2e","cint3c2e_ip1","cint3c2e_ip1","legacy",3,"legacy-wrapper|spinor","scalar",false,"none","stable","src/misc.h","base|with-f12|with-4c1e|with-f12+with-4c1e",true,"legacy","3c2e","",""
"3c2e","cint3c2e_ip1_cart_optimizer","cint3c2e_ip1_cart_optimizer","legacy",3,"legacy-wrapper|optimizer","scalar",false,"none","stable","src/misc.h","base|with-f12|with-4c1e|with-f12+with-4c1e",true,"legacy","3c2e","",""
"3c2e","cint3c2e_ip1_sph_optimizer","cint3c2e_ip1_sph_optimizer","legacy",3,"legacy-wrapper|optimizer","scalar",false,"none","stable","src/misc.h","base|with-f12|with-4c1e|with-f12+with-4c1e",true,"legacy","3c2e","",""
"3c2e","cint3c2e_ip1_optimizer","cint3c2e_ip1_optimizer","legacy",3,"legacy-wrapper|optimizer","scalar",false,"none","stable","src/misc.h","base|with-f12|with-4c1e|with-f12+with-4c1e",true,"legacy","3c2e","",""
"2e","stg","int2e_stg_sph","2e",4,"sph","",false,"with-f12","optional","src/cint2e_f12.c","with-f12|with-f12+with-4c1e",true,"operator","f12","",""
"2e","stg_ip1","int2e_stg_ip1_sph","2e",4,"sph","3",false,"with-f12","optional","src/cint2e_f12.c","with-f12|with-f12+with-4c1e",true,"operator","f12","",""
"2e","stg_ipip1","int2e_stg_ipip1_sph","2e",4,"sph","9",false,"with-f12","optional","src/cint2e_f12.c","with-f12|with-f12+with-4c1e",true,"operator","f12","",""
"2e","stg_ipvip1","int2e_stg_ipvip1_sph","2e",4,"sph","9",false,"with-f12","optional","src/cint2e_f12.c","with-f12|with-f12+with-4c1e",true,"operator","f12","",""
"2e","stg_ip1ip2","int2e_stg_ip1ip2_sph","2e",4,"sph","9",false,"with-f12","optional","src/cint2e_f12.c","with-f12|with-f12+with-4c1e",true,"operator","f12","",""
"2e","yp","int2e_yp_sph","2e",4,"sph","",false,"with-f12","optional","src/cint2e_f12.c","with-f12|with-f12+with-4c1e",true,"operator","f12","",""
"2e","yp_ip1","int2e_yp_ip1_sph","2e",4,"sph","3",false,"with-f12","optional","src/cint2e_f12.c","with-f12|with-f12+with-4c1e",true,"operator","f12","",""
"2e","yp_ipip1","int2e_yp_ipip1_sph","2e",4,"sph","9",false,"with-f12","optional","src/cint2e_f12.c","with-f12|with-f12+with-4c1e",true,"operator","f12","",""
"2e","yp_ipvip1","int2e_yp_ipvip1_sph","2e",4,"sph","9",false,"with-f12","optional","src/cint2e_f12.c","with-f12|with-f12+with-4c1e",true,"operator","f12","",""
"2e","yp_ip1ip2","int2e_yp_ip1ip2_sph","2e",4,"sph","9",false,"with-f12","optional","src/cint2e_f12.c","with-f12|with-f12+with-4c1e",true,"operator","f12","",""
"unstable::source::origi","r2_origi","int1e_r2_origi_sph","unstable-source",2,"sph","",false,"unstable_source","unstable_source","src/source/unstable","unstable-source",false,"source","origi","",""
"unstable::source::origi","r4_origi","int1e_r4_origi_sph","unstable-source",2,"sph","",false,"unstable_source","unstable_source","src/source/unstable","unstable-source",false,"source","origi","",""
"unstable::source::origi","r2_origi_ip2","int1e_r2_origi_ip2_sph","unstable-source",2,"sph","3",false,"unstable_source","unstable_source","src/source/unstable","unstable-source",false,"source","origi","",""
"unstable::source::origi","r4_origi_ip2","int1e_r4_origi_ip2_sph","unstable-source",2,"sph","3",false,"unstable_source","unstable_source","src/source/unstable","unstable-source",false,"source","origi","",""
"unstable::source::grids","grids","int1e_grids_sph","unstable-source",2,"sph","",false,"unstable_source","unstable_source","src/source/unstable","unstable-source",false,"source","grids","",""
"unstable::source::grids","grids_ip","int1e_grids_ip_sph","unstable-source",2,"sph","3",false,"unstable_source","unstable_source","src/source/unstable","unstable-source",false,"source","grids","",""
"unstable::source::grids","grids_ipvip","int1e_grids_ipvip_sph","unstable-source",2,"sph","9",false,"unstable_source","unstable_source","src/source/unstable","unstable-source",false,"source","grids","",""
"unstable::source::grids","grids_spvsp","int1e_grids_spvsp_sph","unstable-source",2,"sph","4",false,"unstable_source","unstable_source","src/source/unstable","unstable-source",false,"source","grids","",""
"unstable::source::grids","grids_ipip","int1e_grids_ipip_sph","unstable-source",2,"sph","9",false,"unstable_source","unstable_source","src/source/unstable","unstable-source",false,"source","grids","",""
"unstable::source::breit","breit_r1p2","int2e_breit_r1p2_spinor","unstable-source",4,"spinor","",true,"unstable_source","unstable_source","src/source/unstable","unstable-source",false,"source","breit","",""
"unstable::source::breit","breit_r2p2","int2e_breit_r2p2_spinor","unstable-source",4,"spinor","",true,"unstable_source","unstable_source","src/source/unstable","unstable-source",false,"source","breit","",""
"unstable::source::origk","r2_origk","int3c1e_r2_origk_sph","unstable-source",3,"sph","",false,"unstable_source","unstable_source","src/source/unstable","unstable-source",false,"source","origk","",""
"unstable::source::origk","r4_origk","int3c1e_r4_origk_sph","unstable-source",3,"sph","",false,"unstable_source","unstable_source","src/source/unstable","unstable-source",false,"source","origk","",""
"unstable::source::origk","r6_origk","int3c1e_r6_origk_sph","unstable-source",3,"sph","",false,"unstable_source","unstable_source","src/source/unstable","unstable-source",false,"source","origk","",""
"unstable::source::origk","ip1_r2_origk","int3c1e_ip1_r2_origk_sph","unstable-source",3,"sph","3",false,"unstable_source","unstable_source","src/source/unstable","unstable-source",false,"source","origk","",""
"unstable::source::origk","ip1_r4_origk","int3c1e_ip1_r4_origk_sph","unstable-source",3,"sph","3",false,"unstable_source","unstable_source","src/source/unstable","unstable-source",false,"source","origk","",""
"unstable::source::origk","ip1_r6_origk","int3c1e_ip1_r6_origk_sph","unstable-source",3,"sph","3",false,"unstable_source","unstable_source","src/source/unstable","unstable-source",false,"source","origk","",""
"unstable::source::ssc","ssc","int3c2e_sph_ssc","unstable-source",3,"sph","",false,"unstable_source","unstable_source","src/source/unstable","unstable-source",false,"source","ssc","",""
"1e","ipovlp","int1e_ipovlp_cart","1e",2,"cart","3",false,"none","stable","unknown","base|with-f12|with-4c1e|with-f12+with-4c1e",true,"operator","1e","",""
"1e","ipovlp","int1e_ipovlp_sph","1e",2,"sph","3",false,"none","stable","unknown","base|with-f12|with-4c1e|with-f12+with-4c1e",true,"operator","1e","",""
"1e","ipovlp","int1e_ipovlp_spinor","1e",2,"spinor","3",true,"none","stable","unknown","base|with-f12|with-4c1e|with-f12+with-4c1e",true,"operator","1e","",""
"1e","ipkin","int1e_ipkin_cart","1e",2,"cart","3",false,"none","stable","unknown","base|with-f12|with-4c1e|with-f12+with-4c1e",true,"operator","1e","",""
"1e","ipkin","int1e_ipkin_sph","1e",2,"sph","3",false,"none","stable","unknown","base|with-f12|with-4c1e|with-f12+with-4c1e",true,"operator","1e","",""
"1e","ipkin","int1e_ipkin_spinor","1e",2,"spinor","3",true,"none","stable","unknown","base|with-f12|with-4c1e|with-f12+with-4c1e",true,"operator","1e","",""
"1e","ipovlpip","int1e_ipovlpip_cart","1e",2,"cart","9",false,"none","stable","unknown","base|with-f12|with-4c1e|with-f12+with-4c1e",true,"operator","1e","",""
"1e","ipovlpip","int1e_ipovlpip_sph","1e",2,"sph","9",false,"none","stable","unknown","base|with-f12|with-4c1e|with-f12+with-4c1e",true,"operator","1e","",""
"1e","ipovlpip","int1e_ipovlpip_spinor","1e",2,"spinor","9",true,"none","stable","unknown","base|with-f12|with-4c1e|with-f12+with-4c1e",true,"operator","1e","",""
"1e","ipkinip","int1e_ipkinip_cart","1e",2,"cart","9",false,"none","stable","unknown","base|with-f12|with-4c1e|with-f12+with-4c1e",true,"operator","1e","",""
"1e","ipkinip","int1e_ipkinip_sph","1e",2,"sph","9",false,"none","stable","unknown","base|with-f12|with-4c1e|with-f12+with-4c1e",true,"operator","1e","",""
"1e","ipkinip","int1e_ipkinip_spinor","1e",2,"spinor","9",true,"none","stable","unknown","base|with-f12|with-4c1e|with-f12+with-4c1e",true,"operator","1e","",""
"1e","ipnucip","int1e_ipnucip_cart","1e",2,"cart","9",false,"none","stable","unknown","base|with-f12|with-4c1e|with-f12+with-4c1e",true,"operator","1e","",""
"1e","ipnucip","int1e_ipnucip_sph","1e",2,"sph","9",false,"none","stable","unknown","base|with-f12|with-4c1e|with-f12+with-4c1e",true,"operator","1e","",""
"1e","ipnucip","int1e_ipnucip_spinor","1e",2,"spinor","9",true,"none","stable","unknown","base|with-f12|with-4c1e|with-f12+with-4c1e",true,"operator","1e","",""
"1e","ipipovlp","int1e_ipipovlp_cart","1e",2,"cart","9",false,"none","stable","unknown","base|with-f12|with-4c1e|with-f12+with-4c1e",true,"operator","1e","",""
"1e","ipipovlp","int1e_ipipovlp_sph","1e",2,"sph","9",false,"none","stable","unknown","base|with-f12|with-4c1e|with-f12+with-4c1e",true,"operator","1e","",""
"1e","ipipovlp","int1e_ipipovlp_spinor","1e",2,"spinor","9",true,"none","stable","unknown","base|with-f12|with-4c1e|with-f12+with-4c1e",true,"operator","1e","",""
"1e","ipipnuc","int1e_ipipnuc_cart","1e",2,"cart","9",false,"none","stable","unknown","base|with-f12|with-4c1e|with-f12+with-4c1e",true,"operator","1e","",""
"1e","ipipnuc","int1e_ipipnuc_sph","1e",2,"sph","9",false,"none","stable","unknown","base|with-f12|with-4c1e|with-f12+with-4c1e",true,"operator","1e","",""
"1e","ipipnuc","int1e_ipipnuc_spinor","1e",2,"spinor","9",true,"none","stable","unknown","base|with-f12|with-4c1e|with-f12+with-4c1e",true,"operator","1e","",""
"1e","ipipkin","int1e_ipipkin_cart","1e",2,"cart","9",false,"none","stable","unknown","base|with-f12|with-4c1e|with-f12+with-4c1e",true,"operator","1e","",""
"1e","ipipkin","int1e_ipipkin_sph","1e",2,"sph","9",false,"none","stable","unknown","base|with-f12|with-4c1e|with-f12+with-4c1e",true,"operator","1e","",""
"1e","ipipkin","int1e_ipipkin_spinor","1e",2,"spinor","9",true,"none","stable","unknown","base|with-f12|with-4c1e|with-f12+with-4c1e",true,"operator","1e","",""
"1e","ipiprinv","int1e_ipiprinv_cart","1e",2,"cart","9",false,"none","stable","unknown","base|with-f12|with-4c1e|with-f12+with-4c1e",true,"operator","1e","",""
"1e","ipiprinv","int1e_ipiprinv_sph","1e",2,"sph","9",false,"none","stable","unknown","base|with-f12|with-4c1e|with-f12+with-4c1e",true,"operator","1e","",""
"1e","ipiprinv","int1e_ipiprinv_spinor","1e",2,"spinor","9",true,"none","stable","unknown","base|with-f12|with-4c1e|with-f12+with-4c1e",true,"operator","1e","",""
"1e","ipnuc","int1e_ipnuc_cart","1e",2,"cart","3",false,"none","stable","unknown","base|with-f12|with-4c1e|with-f12+with-4c1e",true,"operator","1e","",""
"1e","ipnuc","int1e_ipnuc_sph","1e",2,"sph","3",false,"none","stable","unknown","base|with-f12|with-4c1e|with-f12+with-4c1e",true,"operator","1e","",""
"1e","ipnuc","int1e_ipnuc_spinor","1e",2,"spinor","3",true,"none","stable","unknown","base|with-f12|with-4c1e|with-f12+with-4c1e",true,"operator","1e","",""
"1e","iprinv","int1e_iprinv_cart","1e",2,"cart","3",false,"none","stable","unknown","base|with-f12|with-4c1e|with-f12+with-4c1e",true,"operator","1e","",""
"1e","iprinv","int1e_iprinv_sph","1e",2,"sph","3",false,"none","stable","unknown","base|with-f12|with-4c1e|with-f12+with-4c1e",true,"operator","1e","",""
"1e","iprinv","int1e_iprinv_spinor","1e",2,"spinor","3",true,"none","stable","unknown","base|with-f12|with-4c1e|with-f12+with-4c1e",true,"operator","1e","",""
"1e","rinv","int1e_rinv_cart","1e",2,"cart","1",false,"none","stable","unknown","base|with-f12|with-4c1e|with-f12+with-4c1e",true,"operator","1e","",""
"1e","rinv","int1e_rinv_sph","1e",2,"sph","1",false,"none","stable","unknown","base|with-f12|with-4c1e|with-f12+with-4c1e",true,"operator","1e","",""
"1e","rinv","int1e_rinv_spinor","1e",2,"spinor","1",true,"none","stable","unknown","base|with-f12|with-4c1e|with-f12+with-4c1e",false,"operator","1e","fail_closed","phase-24-26-spinor-completion"
"1e","drinv","int1e_drinv_cart","1e",2,"cart","3",false,"none","stable","unknown","base|with-f12|with-4c1e|with-f12+with-4c1e",true,"operator","1e","",""
"1e","drinv","int1e_drinv_sph","1e",2,"sph","3",false,"none","stable","unknown","base|with-f12|with-4c1e|with-f12+with-4c1e",true,"operator","1e","",""
"1e","drinv","int1e_drinv_spinor","1e",2,"spinor","3",true,"none","stable","unknown","base|with-f12|with-4c1e|with-f12+with-4c1e",false,"operator","1e","fail_closed","wave-5-W5-03d"
"1e","rr","int1e_rr_cart","1e",2,"cart","9",false,"none","stable","unknown","base|with-f12|with-4c1e|with-f12+with-4c1e",true,"operator","1e","",""
"1e","rr","int1e_rr_sph","1e",2,"sph","9",false,"none","stable","unknown","base|with-f12|with-4c1e|with-f12+with-4c1e",true,"operator","1e","",""
"1e","rr","int1e_rr_spinor","1e",2,"spinor","9",true,"none","stable","unknown","base|with-f12|with-4c1e|with-f12+with-4c1e",false,"operator","1e","fail_closed","phase-24-26-spinor-completion"
"1e","rrr","int1e_rrr_cart","1e",2,"cart","27",false,"none","stable","unknown","base|with-f12|with-4c1e|with-f12+with-4c1e",true,"operator","1e","",""
"1e","rrr","int1e_rrr_sph","1e",2,"sph","27",false,"none","stable","unknown","base|with-f12|with-4c1e|with-f12+with-4c1e",true,"operator","1e","",""
"1e","rrr","int1e_rrr_spinor","1e",2,"spinor","27",true,"none","stable","unknown","base|with-f12|with-4c1e|with-f12+with-4c1e",false,"operator","1e","fail_closed","phase-24-26-spinor-completion"
"1e","rrrr","int1e_rrrr_cart","1e",2,"cart","81",false,"none","stable","unknown","base|with-f12|with-4c1e|with-f12+with-4c1e",true,"operator","1e","",""
"1e","rrrr","int1e_rrrr_sph","1e",2,"sph","81",false,"none","stable","unknown","base|with-f12|with-4c1e|with-f12+with-4c1e",true,"operator","1e","",""
"1e","rrrr","int1e_rrrr_spinor","1e",2,"spinor","81",true,"none","stable","unknown","base|with-f12|with-4c1e|with-f12+with-4c1e",false,"operator","1e","fail_closed","phase-24-26-spinor-completion"
"1e","r2","int1e_r2_cart","1e",2,"cart","1",false,"none","stable","unknown","base|with-f12|with-4c1e|with-f12+with-4c1e",true,"operator","1e","",""
"1e","r2","int1e_r2_sph","1e",2,"sph","1",false,"none","stable","unknown","base|with-f12|with-4c1e|with-f12+with-4c1e",true,"operator","1e","",""
"1e","r2","int1e_r2_spinor","1e",2,"spinor","1",true,"none","stable","unknown","base|with-f12|with-4c1e|with-f12+with-4c1e",false,"operator","1e","fail_closed","phase-24-26-spinor-completion"
"1e","r4","int1e_r4_cart","1e",2,"cart","1",false,"none","stable","unknown","base|with-f12|with-4c1e|with-f12+with-4c1e",true,"operator","1e","",""
"1e","r4","int1e_r4_sph","1e",2,"sph","1",false,"none","stable","unknown","base|with-f12|with-4c1e|with-f12+with-4c1e",true,"operator","1e","",""
"1e","r4","int1e_r4_spinor","1e",2,"spinor","1",true,"none","stable","unknown","base|with-f12|with-4c1e|with-f12+with-4c1e",false,"operator","1e","fail_closed","phase-24-26-spinor-completion"
"1e","rr_origj","int1e_rr_origj_cart","1e",2,"cart","9",false,"none","stable","unknown","base|with-f12|with-4c1e|with-f12+with-4c1e",true,"operator","1e","",""
"1e","rr_origj","int1e_rr_origj_sph","1e",2,"sph","9",false,"none","stable","unknown","base|with-f12|with-4c1e|with-f12+with-4c1e",true,"operator","1e","",""
"1e","rr_origj","int1e_rr_origj_spinor","1e",2,"spinor","9",true,"none","stable","unknown","base|with-f12|with-4c1e|with-f12+with-4c1e",false,"operator","1e","fail_closed","phase-24-26-spinor-completion"
"1e","r2_origj","int1e_r2_origj_cart","1e",2,"cart","1",false,"none","stable","unknown","base|with-f12|with-4c1e|with-f12+with-4c1e",true,"operator","1e","",""
"1e","r2_origj","int1e_r2_origj_sph","1e",2,"sph","1",false,"none","stable","unknown","base|with-f12|with-4c1e|with-f12+with-4c1e",true,"operator","1e","",""
"1e","r2_origj","int1e_r2_origj_spinor","1e",2,"spinor","1",true,"none","stable","unknown","base|with-f12|with-4c1e|with-f12+with-4c1e",false,"operator","1e","fail_closed","phase-24-26-spinor-completion"
"1e","r4_origj","int1e_r4_origj_cart","1e",2,"cart","1",false,"none","stable","unknown","base|with-f12|with-4c1e|with-f12+with-4c1e",true,"operator","1e","",""
"1e","r4_origj","int1e_r4_origj_sph","1e",2,"sph","1",false,"none","stable","unknown","base|with-f12|with-4c1e|with-f12+with-4c1e",true,"operator","1e","",""
"1e","r4_origj","int1e_r4_origj_spinor","1e",2,"spinor","1",true,"none","stable","unknown","base|with-f12|with-4c1e|with-f12+with-4c1e",false,"operator","1e","fail_closed","phase-24-26-spinor-completion"
"1e","r","int1e_r_cart","1e",2,"cart","3",false,"none","stable","unknown","base|with-f12|with-4c1e|with-f12+with-4c1e",true,"operator","1e","",""
"1e","r","int1e_r_sph","1e",2,"sph","3",false,"none","stable","unknown","base|with-f12|with-4c1e|with-f12+with-4c1e",true,"operator","1e","",""
"1e","r","int1e_r_spinor","1e",2,"spinor","3",true,"none","stable","unknown","base|with-f12|with-4c1e|with-f12+with-4c1e",false,"operator","1e","fail_closed","phase-24-26-spinor-completion"
"1e","z","int1e_z_cart","1e",2,"cart","1",false,"none","stable","unknown","base|with-f12|with-4c1e|with-f12+with-4c1e",true,"operator","1e","",""
"1e","z","int1e_z_sph","1e",2,"sph","1",false,"none","stable","unknown","base|with-f12|with-4c1e|with-f12+with-4c1e",true,"operator","1e","",""
"1e","z","int1e_z_spinor","1e",2,"spinor","1",true,"none","stable","unknown","base|with-f12|with-4c1e|with-f12+with-4c1e",false,"operator","1e","fail_closed","phase-24-26-spinor-completion"
"1e","zz","int1e_zz_cart","1e",2,"cart","1",false,"none","stable","unknown","base|with-f12|with-4c1e|with-f12+with-4c1e",true,"operator","1e","",""
"1e","zz","int1e_zz_sph","1e",2,"sph","1",false,"none","stable","unknown","base|with-f12|with-4c1e|with-f12+with-4c1e",true,"operator","1e","",""
"1e","zz","int1e_zz_spinor","1e",2,"spinor","1",true,"none","stable","unknown","base|with-f12|with-4c1e|with-f12+with-4c1e",false,"operator","1e","fail_closed","phase-24-26-spinor-completion"
"1e","r_origj","int1e_r_origj_cart","1e",2,"cart","3",false,"none","stable","unknown","base|with-f12|with-4c1e|with-f12+with-4c1e",true,"operator","1e","",""
"1e","r_origj","int1e_r_origj_sph","1e",2,"sph","3",false,"none","stable","unknown","base|with-f12|with-4c1e|with-f12+with-4c1e",true,"operator","1e","",""
"1e","r_origj","int1e_r_origj_spinor","1e",2,"spinor","3",true,"none","stable","unknown","base|with-f12|with-4c1e|with-f12+with-4c1e",false,"operator","1e","fail_closed","phase-24-26-spinor-completion"
"1e","z_origj","int1e_z_origj_cart","1e",2,"cart","1",false,"none","stable","unknown","base|with-f12|with-4c1e|with-f12+with-4c1e",true,"operator","1e","",""
"1e","z_origj","int1e_z_origj_sph","1e",2,"sph","1",false,"none","stable","unknown","base|with-f12|with-4c1e|with-f12+with-4c1e",true,"operator","1e","",""
"1e","z_origj","int1e_z_origj_spinor","1e",2,"spinor","1",true,"none","stable","unknown","base|with-f12|with-4c1e|with-f12+with-4c1e",false,"operator","1e","fail_closed","phase-24-26-spinor-completion"
"1e","zz_origj","int1e_zz_origj_cart","1e",2,"cart","1",false,"none","stable","unknown","base|with-f12|with-4c1e|with-f12+with-4c1e",true,"operator","1e","",""
"1e","zz_origj","int1e_zz_origj_sph","1e",2,"sph","1",false,"none","stable","unknown","base|with-f12|with-4c1e|with-f12+with-4c1e",true,"operator","1e","",""
"1e","zz_origj","int1e_zz_origj_spinor","1e",2,"spinor","1",true,"none","stable","unknown","base|with-f12|with-4c1e|with-f12+with-4c1e",false,"operator","1e","fail_closed","phase-24-26-spinor-completion"
"1e","p4","int1e_p4_cart","1e",2,"cart","1",false,"none","stable","unknown","base|with-f12|with-4c1e|with-f12+with-4c1e",true,"operator","1e","",""
"1e","p4","int1e_p4_sph","1e",2,"sph","1",false,"none","stable","unknown","base|with-f12|with-4c1e|with-f12+with-4c1e",true,"operator","1e","",""
"1e","p4","int1e_p4_spinor","1e",2,"spinor","1",true,"none","stable","unknown","base|with-f12|with-4c1e|with-f12+with-4c1e",false,"operator","1e","fail_closed","phase-24-26-spinor-completion"
"1e","irp","int1e_irp_cart","1e",2,"cart","9",false,"none","stable","unknown","base|with-f12|with-4c1e|with-f12+with-4c1e",true,"operator","1e","",""
"1e","irp","int1e_irp_sph","1e",2,"sph","9",false,"none","stable","unknown","base|with-f12|with-4c1e|with-f12+with-4c1e",true,"operator","1e","",""
"1e","irp","int1e_irp_spinor","1e",2,"spinor","9",true,"none","stable","unknown","base|with-f12|with-4c1e|with-f12+with-4c1e",false,"operator","1e","fail_closed","phase-24-26-spinor-completion"
"2e","ip1","int2e_ip1_cart","2e",4,"cart","3",false,"none","stable","unknown","base|with-f12|with-4c1e|with-f12+with-4c1e",true,"operator","2e","",""
"2e","ip1","int2e_ip1_sph","2e",4,"sph","3",false,"none","stable","unknown","base|with-f12|with-4c1e|with-f12+with-4c1e",true,"operator","2e","",""
"2e","ip1","int2e_ip1_spinor","2e",4,"spinor","3",true,"none","stable","unknown","base|with-f12|with-4c1e|with-f12+with-4c1e",false,"operator","2e","fail_closed","wave-5-W5-03a"
"2e","ip2","int2e_ip2_cart","2e",4,"cart","3",false,"none","stable","unknown","base|with-f12|with-4c1e|with-f12+with-4c1e",true,"operator","2e","",""
"2e","ip2","int2e_ip2_sph","2e",4,"sph","3",false,"none","stable","unknown","base|with-f12|with-4c1e|with-f12+with-4c1e",true,"operator","2e","",""
"2e","ip2","int2e_ip2_spinor","2e",4,"spinor","3",true,"none","stable","unknown","base|with-f12|with-4c1e|with-f12+with-4c1e",false,"operator","2e","fail_closed","wave-5-W5-03a"
"2e","ipip1","int2e_ipip1_cart","2e",4,"cart","9",false,"none","stable","src/autocode/hess.c","base|with-f12|with-4c1e|with-f12+with-4c1e",true,"operator","2e","",""
"2e","ipip1","int2e_ipip1_sph","2e",4,"sph","9",false,"none","stable","src/autocode/hess.c","base|with-f12|with-4c1e|with-f12+with-4c1e",true,"operator","2e","",""
"2e","ipip1","int2e_ipip1_spinor","2e",4,"spinor","9",true,"none","stable","src/autocode/hess.c","base|with-f12|with-4c1e|with-f12+with-4c1e",false,"operator","2e","fail_closed","wave-5-W5-03b"
"2e","ipvip1","int2e_ipvip1_cart","2e",4,"cart","9",false,"none","stable","src/autocode/hess.c","base|with-f12|with-4c1e|with-f12+with-4c1e",true,"operator","2e","",""
"2e","ipvip1","int2e_ipvip1_sph","2e",4,"sph","9",false,"none","stable","src/autocode/hess.c","base|with-f12|with-4c1e|with-f12+with-4c1e",true,"operator","2e","",""
"2e","ipvip1","int2e_ipvip1_spinor","2e",4,"spinor","9",true,"none","stable","src/autocode/hess.c","base|with-f12|with-4c1e|with-f12+with-4c1e",false,"operator","2e","fail_closed","wave-5-W5-03b"
"2e","ip1ip2","int2e_ip1ip2_cart","2e",4,"cart","9",false,"none","stable","src/autocode/hess.c","base|with-f12|with-4c1e|with-f12+with-4c1e",true,"operator","2e","",""
"2e","ip1ip2","int2e_ip1ip2_sph","2e",4,"sph","9",false,"none","stable","src/autocode/hess.c","base|with-f12|with-4c1e|with-f12+with-4c1e",true,"operator","2e","",""
"2e","ip1ip2","int2e_ip1ip2_spinor","2e",4,"spinor","9",true,"none","stable","src/autocode/hess.c","base|with-f12|with-4c1e|with-f12+with-4c1e",false,"operator","2e","fail_closed","wave-5-W5-03b"
"2e","ipip1ipip2","int2e_ipip1ipip2_cart","2e",4,"cart","81",false,"none","stable","src/autocode/hess.c","base|with-f12|with-4c1e|with-f12+with-4c1e",true,"operator","2e","",""
"2e","ipip1ipip2","int2e_ipip1ipip2_sph","2e",4,"sph","81",false,"none","stable","src/autocode/hess.c","base|with-f12|with-4c1e|with-f12+with-4c1e",true,"operator","2e","",""
"2e","ipip1ipip2","int2e_ipip1ipip2_spinor","2e",4,"spinor","81",true,"none","stable","src/autocode/hess.c","base|with-f12|with-4c1e|with-f12+with-4c1e",false,"operator","2e","fail_closed","wave-5-W5-03b"
"2c2e","ip1","int2c2e_ip1_cart","2c2e",2,"cart","3",false,"none","stable","unknown","base|with-f12|with-4c1e|with-f12+with-4c1e",true,"operator","2c2e","",""
"2c2e","ip1","int2c2e_ip1_sph","2c2e",2,"sph","3",false,"none","stable","unknown","base|with-f12|with-4c1e|with-f12+with-4c1e",true,"operator","2c2e","",""
"2c2e","ipip1","int2c2e_ipip1_cart","2c2e",2,"cart","9",false,"none","stable","unknown","base|with-f12|with-4c1e|with-f12+with-4c1e",true,"operator","2c2e","",""
"2c2e","ipip1","int2c2e_ipip1_sph","2c2e",2,"sph","9",false,"none","stable","unknown","base|with-f12|with-4c1e|with-f12+with-4c1e",true,"operator","2c2e","",""
"3c2e","ipip1","int3c2e_ipip1_cart","3c2e",3,"cart","9",false,"none","stable","unknown","base|with-f12|with-4c1e|with-f12+with-4c1e",true,"operator","3c2e","",""
"3c2e","ipip1","int3c2e_ipip1_sph","3c2e",3,"sph","9",false,"none","stable","unknown","base|with-f12|with-4c1e|with-f12+with-4c1e",true,"operator","3c2e","",""
"3c2e","ipip2","int3c2e_ipip2_cart","3c2e",3,"cart","9",false,"none","stable","unknown","base|with-f12|with-4c1e|with-f12+with-4c1e",true,"operator","3c2e","",""
"3c2e","ipip2","int3c2e_ipip2_sph","3c2e",3,"sph","9",false,"none","stable","unknown","base|with-f12|with-4c1e|with-f12+with-4c1e",true,"operator","3c2e","",""
"2c2e","ip1","int2c2e_ip1_spinor","2c2e",2,"spinor","3",true,"none","stable","unknown","base|with-f12|with-4c1e|with-f12+with-4c1e",false,"operator","2c2e","no_upstream_oracle","wave-5-W5-01"
"2c2e","ip2","int2c2e_ip2_cart","2c2e",2,"cart","3",false,"none","stable","unknown","base|with-f12|with-4c1e|with-f12+with-4c1e",true,"operator","2c2e","",""
"2c2e","ip2","int2c2e_ip2_sph","2c2e",2,"sph","3",false,"none","stable","unknown","base|with-f12|with-4c1e|with-f12+with-4c1e",true,"operator","2c2e","",""
"2c2e","ip2","int2c2e_ip2_spinor","2c2e",2,"spinor","3",true,"none","stable","unknown","base|with-f12|with-4c1e|with-f12+with-4c1e",false,"operator","2c2e","no_upstream_oracle","wave-5-W5-01"
"1e","ecp_iprinv","int1e_ecp_iprinv_cart","ecp",2,"cart","3",false,"none","stable","unknown","base|with-f12|with-4c1e|with-f12+with-4c1e",true,"operator","ecp","",""
"1e","ecp_iprinv","int1e_ecp_iprinv_sph","ecp",2,"sph","3",false,"none","stable","unknown","base|with-f12|with-4c1e|with-f12+with-4c1e",true,"operator","ecp","",""
"1e","ecp_iprinv","int1e_ecp_iprinv_spinor","ecp",2,"spinor","3",true,"none","stable","unknown","base|with-f12|with-4c1e|with-f12+with-4c1e",false,"operator","ecp","fail_closed","deferred-v1.4"
"1e","cint1e_ipovlp_cart","cint1e_ipovlp_cart","legacy",2,"legacy-wrapper|cart","3",false,"none","stable","src/misc.h","base|with-f12|with-4c1e|with-f12+with-4c1e",true,"legacy","1e","",""
"1e","cint1e_ipovlp_sph","cint1e_ipovlp_sph","legacy",2,"legacy-wrapper|sph","3",false,"none","stable","src/misc.h","base|with-f12|with-4c1e|with-f12+with-4c1e",true,"legacy","1e","",""
"1e","cint1e_ipovlp","cint1e_ipovlp","legacy",2,"legacy-wrapper|spinor","3",false,"none","stable","src/misc.h","base|with-f12|with-4c1e|with-f12+with-4c1e",true,"legacy","1e","",""
"1e","cint1e_ipkin_cart","cint1e_ipkin_cart","legacy",2,"legacy-wrapper|cart","3",false,"none","stable","src/misc.h","base|with-f12|with-4c1e|with-f12+with-4c1e",true,"legacy","1e","",""
"1e","cint1e_ipkin_sph","cint1e_ipkin_sph","legacy",2,"legacy-wrapper|sph","3",false,"none","stable","src/misc.h","base|with-f12|with-4c1e|with-f12+with-4c1e",true,"legacy","1e","",""
"1e","cint1e_ipkin","cint1e_ipkin","legacy",2,"legacy-wrapper|spinor","3",false,"none","stable","src/misc.h","base|with-f12|with-4c1e|with-f12+with-4c1e",true,"legacy","1e","",""
"1e","cint1e_ipnuc_cart","cint1e_ipnuc_cart","legacy",2,"legacy-wrapper|cart","3",false,"none","stable","src/misc.h","base|with-f12|with-4c1e|with-f12+with-4c1e",true,"legacy","1e","",""
"1e","cint1e_ipnuc_sph","cint1e_ipnuc_sph","legacy",2,"legacy-wrapper|sph","3",false,"none","stable","src/misc.h","base|with-f12|with-4c1e|with-f12+with-4c1e",true,"legacy","1e","",""
"1e","cint1e_ipnuc","cint1e_ipnuc","legacy",2,"legacy-wrapper|spinor","3",false,"none","stable","src/misc.h","base|with-f12|with-4c1e|with-f12+with-4c1e",true,"legacy","1e","",""
"1e","cint1e_iprinv_cart","cint1e_iprinv_cart","legacy",2,"legacy-wrapper|cart","3",false,"none","stable","src/misc.h","base|with-f12|with-4c1e|with-f12+with-4c1e",true,"legacy","1e","",""
"1e","cint1e_iprinv_sph","cint1e_iprinv_sph","legacy",2,"legacy-wrapper|sph","3",false,"none","stable","src/misc.h","base|with-f12|with-4c1e|with-f12+with-4c1e",true,"legacy","1e","",""
"1e","cint1e_iprinv","cint1e_iprinv","legacy",2,"legacy-wrapper|spinor","3",false,"none","stable","src/misc.h","base|with-f12|with-4c1e|with-f12+with-4c1e",true,"legacy","1e","",""
"2e","cint2e_ip1_cart","cint2e_ip1_cart","legacy",4,"legacy-wrapper|cart","3",false,"none","stable","src/misc.h","base|with-f12|with-4c1e|with-f12+with-4c1e",true,"legacy","2e","",""
"2e","cint2e_ip1_sph","cint2e_ip1_sph","legacy",4,"legacy-wrapper|sph","3",false,"none","stable","src/misc.h","base|with-f12|with-4c1e|with-f12+with-4c1e",true,"legacy","2e","",""
"2e","cint2e_ip1","cint2e_ip1","legacy",4,"legacy-wrapper|spinor","3",false,"none","stable","src/misc.h","base|with-f12|with-4c1e|with-f12+with-4c1e",true,"legacy","2e","",""
"2e","cint2e_ip1_cart_optimizer","cint2e_ip1_cart_optimizer","legacy",4,"legacy-wrapper|optimizer","3",false,"none","stable","src/misc.h","base|with-f12|with-4c1e|with-f12+with-4c1e",true,"legacy","2e","",""
"2e","cint2e_ip1_sph_optimizer","cint2e_ip1_sph_optimizer","legacy",4,"legacy-wrapper|optimizer","3",false,"none","stable","src/misc.h","base|with-f12|with-4c1e|with-f12+with-4c1e",true,"legacy","2e","",""
"2e","cint2e_ip1_optimizer","cint2e_ip1_optimizer","legacy",4,"legacy-wrapper|optimizer","3",false,"none","stable","src/misc.h","base|with-f12|with-4c1e|with-f12+with-4c1e",true,"legacy","2e","",""
"3c2e","ip2","int3c2e_ip2_cart","3c2e",3,"cart","3",false,"none","stable","unknown","base|with-f12|with-4c1e|with-f12+with-4c1e",true,"operator","3c2e","",""
"3c2e","ip2","int3c2e_ip2_sph","3c2e",3,"sph","3",false,"none","stable","unknown","base|with-f12|with-4c1e|with-f12+with-4c1e",true,"operator","3c2e","",""
"3c2e","ip2","int3c2e_ip2_spinor","3c2e",3,"spinor","3",true,"none","stable","unknown","base|with-f12|with-4c1e|with-f12+with-4c1e",true,"operator","3c2e","",""
"3c1e","ip1","int3c1e_ip1_cart","3c1e",3,"cart","3",false,"none","stable","unknown","base|with-f12|with-4c1e|with-f12+with-4c1e",true,"operator","3c1e","",""
"3c1e","ip1","int3c1e_ip1_sph","3c1e",3,"sph","3",false,"none","stable","unknown","base|with-f12|with-4c1e|with-f12+with-4c1e",true,"operator","3c1e","",""
"3c1e","ip1","int3c1e_ip1_spinor","3c1e",3,"spinor","3",true,"none","stable","unknown","base|with-f12|with-4c1e|with-f12+with-4c1e",false,"operator","3c1e","no_upstream_oracle","wave-5-W5-01"
"3c1e","iprinv","int3c1e_iprinv_cart","3c1e",3,"cart","3",false,"none","stable","unknown","base|with-f12|with-4c1e|with-f12+with-4c1e",true,"operator","3c1e","",""
"3c1e","iprinv","int3c1e_iprinv_sph","3c1e",3,"sph","3",false,"none","stable","unknown","base|with-f12|with-4c1e|with-f12+with-4c1e",true,"operator","3c1e","",""
"3c1e","iprinv","int3c1e_iprinv_spinor","3c1e",3,"spinor","3",true,"none","stable","unknown","base|with-f12|with-4c1e|with-f12+with-4c1e",false,"operator","3c1e","no_upstream_oracle","wave-5-W5-01"
"1e","ipipipnuc","int1e_ipipipnuc_cart","1e",2,"cart","27",false,"none","stable","unknown","base|with-f12|with-4c1e|with-f12+with-4c1e",true,"operator","1e","",""
"1e","ipipipnuc","int1e_ipipipnuc_sph","1e",2,"sph","27",false,"none","stable","unknown","base|with-f12|with-4c1e|with-f12+with-4c1e",true,"operator","1e","",""
"1e","ipipipnuc","int1e_ipipipnuc_spinor","1e",2,"spinor","27",true,"none","stable","unknown","base|with-f12|with-4c1e|with-f12+with-4c1e",true,"operator","1e","",""
"1e","ipipiprinv","int1e_ipipiprinv_cart","1e",2,"cart","27",false,"none","stable","unknown","base|with-f12|with-4c1e|with-f12+with-4c1e",true,"operator","1e","",""
"1e","ipipiprinv","int1e_ipipiprinv_sph","1e",2,"sph","27",false,"none","stable","unknown","base|with-f12|with-4c1e|with-f12+with-4c1e",true,"operator","1e","",""
"1e","ipipiprinv","int1e_ipipiprinv_spinor","1e",2,"spinor","27",true,"none","stable","unknown","base|with-f12|with-4c1e|with-f12+with-4c1e",true,"operator","1e","",""
"1e","ipipnucip","int1e_ipipnucip_cart","1e",2,"cart","27",false,"none","stable","unknown","base|with-f12|with-4c1e|with-f12+with-4c1e",true,"operator","1e","",""
"1e","ipipnucip","int1e_ipipnucip_sph","1e",2,"sph","27",false,"none","stable","unknown","base|with-f12|with-4c1e|with-f12+with-4c1e",true,"operator","1e","",""
"1e","ipipnucip","int1e_ipipnucip_spinor","1e",2,"spinor","27",true,"none","stable","unknown","base|with-f12|with-4c1e|with-f12+with-4c1e",true,"operator","1e","",""
"1e","ipiprinvip","int1e_ipiprinvip_cart","1e",2,"cart","27",false,"none","stable","unknown","base|with-f12|with-4c1e|with-f12+with-4c1e",true,"operator","1e","",""
"1e","ipiprinvip","int1e_ipiprinvip_sph","1e",2,"sph","27",false,"none","stable","unknown","base|with-f12|with-4c1e|with-f12+with-4c1e",true,"operator","1e","",""
"1e","ipiprinvip","int1e_ipiprinvip_spinor","1e",2,"spinor","27",true,"none","stable","unknown","base|with-f12|with-4c1e|with-f12+with-4c1e",true,"operator","1e","",""
"1e","ipipipiprinv","int1e_ipipipiprinv_cart","1e",2,"cart","81",false,"none","stable","unknown","base|with-f12|with-4c1e|with-f12+with-4c1e",true,"operator","1e","",""
"1e","ipipipiprinv","int1e_ipipipiprinv_sph","1e",2,"sph","81",false,"none","stable","unknown","base|with-f12|with-4c1e|with-f12+with-4c1e",true,"operator","1e","",""
"1e","ipipipiprinv","int1e_ipipipiprinv_spinor","1e",2,"spinor","81",true,"none","stable","unknown","base|with-f12|with-4c1e|with-f12+with-4c1e",true,"operator","1e","",""
"1e","ipiprinvipip","int1e_ipiprinvipip_cart","1e",2,"cart","81",false,"none","stable","unknown","base|with-f12|with-4c1e|with-f12+with-4c1e",true,"operator","1e","",""
"1e","ipiprinvipip","int1e_ipiprinvipip_sph","1e",2,"sph","81",false,"none","stable","unknown","base|with-f12|with-4c1e|with-f12+with-4c1e",true,"operator","1e","",""
"1e","ipiprinvipip","int1e_ipiprinvipip_spinor","1e",2,"spinor","81",true,"none","stable","unknown","base|with-f12|with-4c1e|with-f12+with-4c1e",true,"operator","1e","",""
"1e","ipipiprinvip","int1e_ipipiprinvip_cart","1e",2,"cart","81",false,"none","stable","unknown","base|with-f12|with-4c1e|with-f12+with-4c1e",true,"operator","1e","",""
"1e","ipipiprinvip","int1e_ipipiprinvip_sph","1e",2,"sph","81",false,"none","stable","unknown","base|with-f12|with-4c1e|with-f12+with-4c1e",true,"operator","1e","",""
"1e","ipipiprinvip","int1e_ipipiprinvip_spinor","1e",2,"spinor","81",true,"none","stable","unknown","base|with-f12|with-4c1e|with-f12+with-4c1e",true,"operator","1e","",""
"1e","govlp","int1e_govlp_cart","1e",2,"cart","3",true,"none","stable","unknown","base|with-f12|with-4c1e|with-f12+with-4c1e",true,"operator","1e","",""
"1e","govlp","int1e_govlp_sph","1e",2,"sph","3",true,"none","stable","unknown","base|with-f12|with-4c1e|with-f12+with-4c1e",true,"operator","1e","",""
"1e","govlp","int1e_govlp_spinor","1e",2,"spinor","3",true,"none","stable","unknown","base|with-f12|with-4c1e|with-f12+with-4c1e",false,"operator","1e","fail_closed","phase-24-26-spinor-completion"
"1e","gnuc","int1e_gnuc_cart","1e",2,"cart","3",true,"none","stable","unknown","base|with-f12|with-4c1e|with-f12+with-4c1e",true,"operator","1e","",""
"1e","gnuc","int1e_gnuc_sph","1e",2,"sph","3",true,"none","stable","unknown","base|with-f12|with-4c1e|with-f12+with-4c1e",true,"operator","1e","",""
"1e","gnuc","int1e_gnuc_spinor","1e",2,"spinor","3",true,"none","stable","unknown","base|with-f12|with-4c1e|with-f12+with-4c1e",false,"operator","1e","fail_closed","phase-24-26-spinor-completion"
"1e","igovlp","int1e_igovlp_cart","1e",2,"cart","3",true,"none","stable","unknown","base|with-f12|with-4c1e|with-f12+with-4c1e",true,"operator","1e","",""
"1e","igovlp","int1e_igovlp_sph","1e",2,"sph","3",true,"none","stable","unknown","base|with-f12|with-4c1e|with-f12+with-4c1e",true,"operator","1e","",""
"1e","igovlp","int1e_igovlp_spinor","1e",2,"spinor","3",true,"none","stable","unknown","base|with-f12|with-4c1e|with-f12+with-4c1e",false,"operator","1e","fail_closed","phase-24-26-spinor-completion"
"1e","ignuc","int1e_ignuc_cart","1e",2,"cart","3",true,"none","stable","unknown","base|with-f12|with-4c1e|with-f12+with-4c1e",true,"operator","1e","",""
"1e","ignuc","int1e_ignuc_sph","1e",2,"sph","3",true,"none","stable","unknown","base|with-f12|with-4c1e|with-f12+with-4c1e",true,"operator","1e","",""
"1e","ignuc","int1e_ignuc_spinor","1e",2,"spinor","3",true,"none","stable","unknown","base|with-f12|with-4c1e|with-f12+with-4c1e",false,"operator","1e","fail_closed","phase-24-26-spinor-completion"
"1e","igkin","int1e_igkin_cart","1e",2,"cart","3",true,"none","stable","unknown","base|with-f12|with-4c1e|with-f12+with-4c1e",true,"operator","1e","",""
"1e","igkin","int1e_igkin_sph","1e",2,"sph","3",true,"none","stable","unknown","base|with-f12|with-4c1e|with-f12+with-4c1e",true,"operator","1e","",""
"1e","igkin","int1e_igkin_spinor","1e",2,"spinor","3",true,"none","stable","unknown","base|with-f12|with-4c1e|with-f12+with-4c1e",false,"operator","1e","fail_closed","phase-24-26-spinor-completion"
"1e","a01gp","int1e_a01gp_cart","1e",2,"cart","9",true,"none","stable","unknown","base|with-f12|with-4c1e|with-f12+with-4c1e",true,"operator","1e","",""
"1e","a01gp","int1e_a01gp_sph","1e",2,"sph","9",true,"none","stable","unknown","base|with-f12|with-4c1e|with-f12+with-4c1e",true,"operator","1e","",""
"1e","a01gp","int1e_a01gp_spinor","1e",2,"spinor","9",true,"none","stable","unknown","base|with-f12|with-4c1e|with-f12+with-4c1e",false,"operator","1e","fail_closed","phase-24-26-spinor-completion"
"1e","ia01p","int1e_ia01p_cart","1e",2,"cart","3",true,"none","stable","unknown","base|with-f12|with-4c1e|with-f12+with-4c1e",true,"operator","1e","",""
"1e","ia01p","int1e_ia01p_sph","1e",2,"sph","3",true,"none","stable","unknown","base|with-f12|with-4c1e|with-f12+with-4c1e",true,"operator","1e","",""
"1e","ia01p","int1e_ia01p_spinor","1e",2,"spinor","3",true,"none","stable","unknown","base|with-f12|with-4c1e|with-f12+with-4c1e",false,"operator","1e","fail_closed","phase-24-26-spinor-completion"
"1e","cg_irxp","int1e_cg_irxp_cart","1e",2,"cart","3",true,"none","stable","unknown","base|with-f12|with-4c1e|with-f12+with-4c1e",true,"operator","1e","",""
"1e","cg_irxp","int1e_cg_irxp_sph","1e",2,"sph","3",true,"none","stable","unknown","base|with-f12|with-4c1e|with-f12+with-4c1e",true,"operator","1e","",""
"1e","cg_irxp","int1e_cg_irxp_spinor","1e",2,"spinor","3",true,"none","stable","unknown","base|with-f12|with-4c1e|with-f12+with-4c1e",false,"operator","1e","fail_closed","phase-24-26-spinor-completion"
"1e","giao_irjxp","int1e_giao_irjxp_cart","1e",2,"cart","3",true,"none","stable","unknown","base|with-f12|with-4c1e|with-f12+with-4c1e",true,"operator","1e","",""
"1e","giao_irjxp","int1e_giao_irjxp_sph","1e",2,"sph","3",true,"none","stable","unknown","base|with-f12|with-4c1e|with-f12+with-4c1e",true,"operator","1e","",""
"1e","giao_irjxp","int1e_giao_irjxp_spinor","1e",2,"spinor","3",true,"none","stable","unknown","base|with-f12|with-4c1e|with-f12+with-4c1e",false,"operator","1e","fail_closed","phase-24-26-spinor-completion"
"1e","cg_a11part","int1e_cg_a11part_cart","1e",2,"cart","9",true,"none","stable","unknown","base|with-f12|with-4c1e|with-f12+with-4c1e",true,"operator","1e","",""
"1e","cg_a11part","int1e_cg_a11part_sph","1e",2,"sph","9",true,"none","stable","unknown","base|with-f12|with-4c1e|with-f12+with-4c1e",true,"operator","1e","",""
"1e","cg_a11part","int1e_cg_a11part_spinor","1e",2,"spinor","9",true,"none","stable","unknown","base|with-f12|with-4c1e|with-f12+with-4c1e",false,"operator","1e","fail_closed","phase-24-26-spinor-completion"
"1e","giao_a11part","int1e_giao_a11part_cart","1e",2,"cart","9",true,"none","stable","unknown","base|with-f12|with-4c1e|with-f12+with-4c1e",true,"operator","1e","",""
"1e","giao_a11part","int1e_giao_a11part_sph","1e",2,"sph","9",true,"none","stable","unknown","base|with-f12|with-4c1e|with-f12+with-4c1e",true,"operator","1e","",""
"1e","giao_a11part","int1e_giao_a11part_spinor","1e",2,"spinor","9",true,"none","stable","unknown","base|with-f12|with-4c1e|with-f12+with-4c1e",false,"operator","1e","fail_closed","phase-24-26-spinor-completion"
"2e","g1","int2e_g1_cart","2e",4,"cart","3",true,"none","stable","unknown","base|with-f12|with-4c1e|with-f12+with-4c1e",true,"operator","2e","",""
"2e","g1","int2e_g1_sph","2e",4,"sph","3",true,"none","stable","unknown","base|with-f12|with-4c1e|with-f12+with-4c1e",true,"operator","2e","",""
"2e","g1","int2e_g1_spinor","2e",4,"spinor","3",true,"none","stable","unknown","base|with-f12|with-4c1e|with-f12+with-4c1e",false,"operator","2e","fail_closed","phase-24-26-spinor-completion"
"2e","ig1","int2e_ig1_cart","2e",4,"cart","3",true,"none","stable","unknown","base|with-f12|with-4c1e|with-f12+with-4c1e",true,"operator","2e","",""
"2e","ig1","int2e_ig1_sph","2e",4,"sph","3",true,"none","stable","unknown","base|with-f12|with-4c1e|with-f12+with-4c1e",true,"operator","2e","",""
"2e","ig1","int2e_ig1_spinor","2e",4,"spinor","3",true,"none","stable","unknown","base|with-f12|with-4c1e|with-f12+with-4c1e",false,"operator","2e","fail_closed","phase-24-26-spinor-completion"
"2e","gg1","int2e_gg1_cart","2e",4,"cart","9",true,"none","stable","unknown","base|with-f12|with-4c1e|with-f12+with-4c1e",true,"operator","2e","",""
"2e","gg1","int2e_gg1_sph","2e",4,"sph","9",true,"none","stable","unknown","base|with-f12|with-4c1e|with-f12+with-4c1e",true,"operator","2e","",""
"2e","gg1","int2e_gg1_spinor","2e",4,"spinor","9",true,"none","stable","unknown","base|with-f12|with-4c1e|with-f12+with-4c1e",false,"operator","2e","fail_closed","phase-24-26-spinor-completion"
"2e","g1g2","int2e_g1g2_cart","2e",4,"cart","9",true,"none","stable","unknown","base|with-f12|with-4c1e|with-f12+with-4c1e",true,"operator","2e","",""
"2e","g1g2","int2e_g1g2_sph","2e",4,"sph","9",true,"none","stable","unknown","base|with-f12|with-4c1e|with-f12+with-4c1e",true,"operator","2e","",""
"2e","g1g2","int2e_g1g2_spinor","2e",4,"spinor","9",true,"none","stable","unknown","base|with-f12|with-4c1e|with-f12+with-4c1e",false,"operator","2e","fail_closed","phase-24-26-spinor-completion"
"1e","sp","int1e_sp_spinor","1e",2,"spinor","1",true,"none","stable","unknown","base|with-f12|with-4c1e|with-f12+with-4c1e",true,"operator","1e","",""
"2e","spsp1","int2e_spsp1_spinor","2e",4,"spinor","1",true,"none","stable","unknown","base|with-f12|with-4c1e|with-f12+with-4c1e",true,"operator","2e","",""
"2e","srsr1","int2e_srsr1_spinor","2e",4,"spinor","1",true,"none","stable","unknown","base|with-f12|with-4c1e|with-f12+with-4c1e",true,"operator","2e","",""
"2e","spsp1spsp2","int2e_spsp1spsp2_spinor","2e",4,"spinor","1",true,"none","stable","unknown","base|with-f12|with-4c1e|with-f12+with-4c1e",true,"operator","2e","",""
"2e","srsr1srsr2","int2e_srsr1srsr2_spinor","2e",4,"spinor","1",true,"none","stable","unknown","base|with-f12|with-4c1e|with-f12+with-4c1e",true,"operator","2e","",""
"2e","ssp1ssp2","int2e_ssp1ssp2_spinor","2e",4,"spinor","1",true,"none","stable","unknown","base|with-f12|with-4c1e|with-f12+with-4c1e",true,"operator","2e","",""
"2e","ssp1sps2","int2e_ssp1sps2_spinor","2e",4,"spinor","1",true,"none","stable","unknown","base|with-f12|with-4c1e|with-f12+with-4c1e",true,"operator","2e","",""
"2e","sps1ssp2","int2e_sps1ssp2_spinor","2e",4,"spinor","1",true,"none","stable","unknown","base|with-f12|with-4c1e|with-f12+with-4c1e",true,"operator","2e","",""
"2e","sps1sps2","int2e_sps1sps2_spinor","2e",4,"spinor","1",true,"none","stable","unknown","base|with-f12|with-4c1e|with-f12+with-4c1e",true,"operator","2e","",""
"2e","spv1","int2e_spv1_spinor","2e",4,"spinor","1",true,"none","stable","unknown","base|with-f12|with-4c1e|with-f12+with-4c1e",true,"operator","2e","",""
"2e","vsp1","int2e_vsp1_spinor","2e",4,"spinor","1",true,"none","stable","unknown","base|with-f12|with-4c1e|with-f12+with-4c1e",true,"operator","2e","",""
"2e","spv1spv2","int2e_spv1spv2_spinor","2e",4,"spinor","1",true,"none","stable","unknown","base|with-f12|with-4c1e|with-f12+with-4c1e",true,"operator","2e","",""
"2e","vsp1spv2","int2e_vsp1spv2_spinor","2e",4,"spinor","1",true,"none","stable","unknown","base|with-f12|with-4c1e|with-f12+with-4c1e",true,"operator","2e","",""
"2e","spv1vsp2","int2e_spv1vsp2_spinor","2e",4,"spinor","1",true,"none","stable","unknown","base|with-f12|with-4c1e|with-f12+with-4c1e",true,"operator","2e","",""
"2e","vsp1vsp2","int2e_vsp1vsp2_spinor","2e",4,"spinor","1",true,"none","stable","unknown","base|with-f12|with-4c1e|with-f12+with-4c1e",true,"operator","2e","",""
"2e","spv1spsp2","int2e_spv1spsp2_spinor","2e",4,"spinor","1",true,"none","stable","unknown","base|with-f12|with-4c1e|with-f12+with-4c1e",true,"operator","2e","",""
"2e","vsp1spsp2","int2e_vsp1spsp2_spinor","2e",4,"spinor","1",true,"none","stable","unknown","base|with-f12|with-4c1e|with-f12+with-4c1e",true,"operator","2e","",""
"1e","spsp","int1e_spsp_spinor","1e",2,"spinor","1",true,"none","stable","unknown","base|with-f12|with-4c1e|with-f12+with-4c1e",true,"operator","1e","",""
"1e","spnucsp","int1e_spnucsp_spinor","1e",2,"spinor","1",true,"none","stable","unknown","base|with-f12|with-4c1e|with-f12+with-4c1e",true,"operator","1e","",""
"1e","sprinvsp","int1e_sprinvsp_spinor","1e",2,"spinor","1",true,"none","stable","unknown","base|with-f12|with-4c1e|with-f12+with-4c1e",true,"operator","1e","",""
"1e","srsr","int1e_srsr_spinor","1e",2,"spinor","1",true,"none","stable","unknown","base|with-f12|with-4c1e|with-f12+with-4c1e",true,"operator","1e","",""
"1e","srnucsr","int1e_srnucsr_spinor","1e",2,"spinor","1",true,"none","stable","unknown","base|with-f12|with-4c1e|with-f12+with-4c1e",true,"operator","1e","",""
"1e","sr","int1e_sr_spinor","1e",2,"spinor","1",true,"none","stable","unknown","base|with-f12|with-4c1e|with-f12+with-4c1e",true,"operator","1e","",""
"1e","sigma","int1e_sigma_spinor","1e",2,"spinor","3",true,"none","stable","unknown","base|with-f12|with-4c1e|with-f12+with-4c1e",true,"operator","1e","",""
"1e","spgsp","int1e_spgsp_spinor","1e",2,"spinor","3",true,"none","stable","unknown","base|with-f12|with-4c1e|with-f12+with-4c1e",true,"operator","1e","",""
"1e","spgnucsp","int1e_spgnucsp_spinor","1e",2,"spinor","3",true,"none","stable","unknown","base|with-f12|with-4c1e|with-f12+with-4c1e",true,"operator","1e","",""
"1e","spgsa01","int1e_spgsa01_spinor","1e",2,"spinor","9",true,"none","stable","unknown","base|with-f12|with-4c1e|with-f12+with-4c1e",false,"operator","1e","fail_closed","phase-30"
"1e","cg_sa10sp","int1e_cg_sa10sp_spinor","1e",2,"spinor","3",true,"none","stable","unknown","base|with-f12|with-4c1e|with-f12+with-4c1e",true,"operator","1e","",""
"1e","cg_sa10nucsp","int1e_cg_sa10nucsp_spinor","1e",2,"spinor","3",true,"none","stable","unknown","base|with-f12|with-4c1e|with-f12+with-4c1e",true,"operator","1e","",""
"1e","cg_sa10sa01","int1e_cg_sa10sa01_spinor","1e",2,"spinor","9",true,"none","stable","unknown","base|with-f12|with-4c1e|with-f12+with-4c1e",true,"operator","1e","",""
"1e","giao_sa10sp","int1e_giao_sa10sp_spinor","1e",2,"spinor","3",true,"none","stable","unknown","base|with-f12|with-4c1e|with-f12+with-4c1e",true,"operator","1e","",""
"1e","giao_sa10nucsp","int1e_giao_sa10nucsp_spinor","1e",2,"spinor","3",true,"none","stable","unknown","base|with-f12|with-4c1e|with-f12+with-4c1e",true,"operator","1e","",""
"1e","giao_sa10sa01","int1e_giao_sa10sa01_spinor","1e",2,"spinor","9",true,"none","stable","unknown","base|with-f12|with-4c1e|with-f12+with-4c1e",true,"operator","1e","",""
"1e","iprinvip","int1e_iprinvip_cart","1e",2,"cart","9",false,"none","stable","src/autocode/hess.c","base|with-f12|with-4c1e|with-f12+with-4c1e",true,"operator","1e","",""
"1e","iprinvip","int1e_iprinvip_sph","1e",2,"sph","9",false,"none","stable","src/autocode/hess.c","base|with-f12|with-4c1e|with-f12+with-4c1e",true,"operator","1e","",""
"1e","iprinvip","int1e_iprinvip_spinor","1e",2,"spinor","9",true,"none","stable","src/autocode/hess.c","base|with-f12|with-4c1e|with-f12+with-4c1e",true,"operator","1e","",""
"1e","ipipr","int1e_ipipr_cart","1e",2,"cart","27",false,"none","stable","src/autocode/hess.c","base|with-f12|with-4c1e|with-f12+with-4c1e",true,"operator","1e","",""
"1e","ipipr","int1e_ipipr_sph","1e",2,"sph","27",false,"none","stable","src/autocode/hess.c","base|with-f12|with-4c1e|with-f12+with-4c1e",true,"operator","1e","",""
"1e","ipipr","int1e_ipipr_spinor","1e",2,"spinor","27",true,"none","stable","src/autocode/hess.c","base|with-f12|with-4c1e|with-f12+with-4c1e",true,"operator","1e","",""
"2e","ipvip1ipvip2","int2e_ipvip1ipvip2_cart","2e",4,"cart","81",false,"none","stable","src/autocode/hess.c","base|with-f12|with-4c1e|with-f12+with-4c1e",true,"operator","2e","",""
"2e","ipvip1ipvip2","int2e_ipvip1ipvip2_sph","2e",4,"sph","81",false,"none","stable","src/autocode/hess.c","base|with-f12|with-4c1e|with-f12+with-4c1e",true,"operator","2e","",""
"2e","ipvip1ipvip2","int2e_ipvip1ipvip2_spinor","2e",4,"spinor","81",true,"none","stable","src/autocode/hess.c","base|with-f12|with-4c1e|with-f12+with-4c1e",false,"operator","2e","fail_closed","wave-5-W5-03b"
"2c2e","ip1ip2","int2c2e_ip1ip2_cart","2c2e",2,"cart","9",false,"none","stable","src/autocode/int3c2e.c","base|with-f12|with-4c1e|with-f12+with-4c1e",true,"operator","2c2e","",""
"2c2e","ip1ip2","int2c2e_ip1ip2_sph","2c2e",2,"sph","9",false,"none","stable","src/autocode/int3c2e.c","base|with-f12|with-4c1e|with-f12+with-4c1e",true,"operator","2c2e","",""
"2c2e","ip1ip2","int2c2e_ip1ip2_spinor","2c2e",2,"spinor","9",true,"none","stable","src/autocode/int3c2e.c","base|with-f12|with-4c1e|with-f12+with-4c1e",false,"operator","2c2e","no_upstream_oracle","wave-5-W5-01"
"3c2e","ipvip1","int3c2e_ipvip1_cart","3c2e",3,"cart","9",false,"none","stable","src/autocode/int3c2e.c","base|with-f12|with-4c1e|with-f12+with-4c1e",true,"operator","3c2e","",""
"3c2e","ipvip1","int3c2e_ipvip1_sph","3c2e",3,"sph","9",false,"none","stable","src/autocode/int3c2e.c","base|with-f12|with-4c1e|with-f12+with-4c1e",true,"operator","3c2e","",""
"3c2e","ipvip1","int3c2e_ipvip1_spinor","3c2e",3,"spinor","9",true,"none","stable","src/autocode/int3c2e.c","base|with-f12|with-4c1e|with-f12+with-4c1e",false,"operator","3c2e","fail_closed","wave-5-W5-03c"
"3c2e","ip1ip2","int3c2e_ip1ip2_cart","3c2e",3,"cart","9",false,"none","stable","src/autocode/int3c2e.c","base|with-f12|with-4c1e|with-f12+with-4c1e",true,"operator","3c2e","",""
"3c2e","ip1ip2","int3c2e_ip1ip2_sph","3c2e",3,"sph","9",false,"none","stable","src/autocode/int3c2e.c","base|with-f12|with-4c1e|with-f12+with-4c1e",true,"operator","3c2e","",""
"3c2e","ip1ip2","int3c2e_ip1ip2_spinor","3c2e",3,"spinor","9",true,"none","stable","src/autocode/int3c2e.c","base|with-f12|with-4c1e|with-f12+with-4c1e",false,"operator","3c2e","fail_closed","wave-5-W5-03c"
"1e","ippnucp","int1e_ippnucp_cart","1e",2,"cart","3",false,"none","stable","src/autocode/grad1.c","base|with-f12|with-4c1e|with-f12+with-4c1e",true,"operator","1e","",""
"1e","ippnucp","int1e_ippnucp_sph","1e",2,"sph","3",false,"none","stable","src/autocode/grad1.c","base|with-f12|with-4c1e|with-f12+with-4c1e",true,"operator","1e","",""
"1e","ippnucp","int1e_ippnucp_spinor","1e",2,"spinor","3",true,"none","stable","src/autocode/grad1.c","base|with-f12|with-4c1e|with-f12+with-4c1e",true,"operator","1e","",""
"1e","ipprinvp","int1e_ipprinvp_cart","1e",2,"cart","3",false,"none","stable","src/autocode/grad1.c","base|with-f12|with-4c1e|with-f12+with-4c1e",true,"operator","1e","",""
"1e","ipprinvp","int1e_ipprinvp_sph","1e",2,"sph","3",false,"none","stable","src/autocode/grad1.c","base|with-f12|with-4c1e|with-f12+with-4c1e",true,"operator","1e","",""
"1e","ipprinvp","int1e_ipprinvp_spinor","1e",2,"spinor","3",true,"none","stable","src/autocode/grad1.c","base|with-f12|with-4c1e|with-f12+with-4c1e",true,"operator","1e","",""
"1e","ippnucpip","int1e_ippnucpip_cart","1e",2,"cart","9",false,"none","stable","src/autocode/hess.c","base|with-f12|with-4c1e|with-f12+with-4c1e",true,"operator","1e","",""
"1e","ippnucpip","int1e_ippnucpip_sph","1e",2,"sph","9",false,"none","stable","src/autocode/hess.c","base|with-f12|with-4c1e|with-f12+with-4c1e",true,"operator","1e","",""
"1e","ippnucpip","int1e_ippnucpip_spinor","1e",2,"spinor","9",true,"none","stable","src/autocode/hess.c","base|with-f12|with-4c1e|with-f12+with-4c1e",true,"operator","1e","",""
"1e","ipprinvpip","int1e_ipprinvpip_cart","1e",2,"cart","9",false,"none","stable","src/autocode/hess.c","base|with-f12|with-4c1e|with-f12+with-4c1e",true,"operator","1e","",""
"1e","ipprinvpip","int1e_ipprinvpip_sph","1e",2,"sph","9",false,"none","stable","src/autocode/hess.c","base|with-f12|with-4c1e|with-f12+with-4c1e",true,"operator","1e","",""
"1e","ipprinvpip","int1e_ipprinvpip_spinor","1e",2,"spinor","9",true,"none","stable","src/autocode/hess.c","base|with-f12|with-4c1e|with-f12+with-4c1e",true,"operator","1e","",""
"1e","ipippnucp","int1e_ipippnucp_cart","1e",2,"cart","9",false,"none","stable","src/autocode/hess.c","base|with-f12|with-4c1e|with-f12+with-4c1e",true,"operator","1e","",""
"1e","ipippnucp","int1e_ipippnucp_sph","1e",2,"sph","9",false,"none","stable","src/autocode/hess.c","base|with-f12|with-4c1e|with-f12+with-4c1e",true,"operator","1e","",""
"1e","ipippnucp","int1e_ipippnucp_spinor","1e",2,"spinor","9",true,"none","stable","src/autocode/hess.c","base|with-f12|with-4c1e|with-f12+with-4c1e",true,"operator","1e","",""
"1e","ipipprinvp","int1e_ipipprinvp_cart","1e",2,"cart","9",false,"none","stable","src/autocode/hess.c","base|with-f12|with-4c1e|with-f12+with-4c1e",true,"operator","1e","",""
"1e","ipipprinvp","int1e_ipipprinvp_sph","1e",2,"sph","9",false,"none","stable","src/autocode/hess.c","base|with-f12|with-4c1e|with-f12+with-4c1e",true,"operator","1e","",""
"1e","ipipprinvp","int1e_ipipprinvp_spinor","1e",2,"spinor","9",true,"none","stable","src/autocode/hess.c","base|with-f12|with-4c1e|with-f12+with-4c1e",true,"operator","1e","",""
"1e","ipspnucsp","int1e_ipspnucsp_spinor","1e",2,"spinor","3",true,"none","stable","src/autocode/grad1.c","base|with-f12|with-4c1e|with-f12+with-4c1e",true,"operator","1e","",""
"1e","ipsprinvsp","int1e_ipsprinvsp_spinor","1e",2,"spinor","3",true,"none","stable","src/autocode/grad1.c","base|with-f12|with-4c1e|with-f12+with-4c1e",true,"operator","1e","",""
"1e","ipipspnucsp","int1e_ipipspnucsp_spinor","1e",2,"spinor","9",true,"none","stable","src/autocode/hess.c","base|with-f12|with-4c1e|with-f12+with-4c1e",true,"operator","1e","",""
"1e","ipipsprinvsp","int1e_ipipsprinvsp_spinor","1e",2,"spinor","9",true,"none","stable","src/autocode/hess.c","base|with-f12|with-4c1e|with-f12+with-4c1e",true,"operator","1e","",""
"1e","ipspnucspip","int1e_ipspnucspip_spinor","1e",2,"spinor","9",true,"none","stable","src/autocode/hess.c","base|with-f12|with-4c1e|with-f12+with-4c1e",true,"operator","1e","",""
"1e","ipsprinvspip","int1e_ipsprinvspip_spinor","1e",2,"spinor","9",true,"none","stable","src/autocode/hess.c","base|with-f12|with-4c1e|with-f12+with-4c1e",true,"operator","1e","",""
"2e","ipspsp1","int2e_ipspsp1_spinor","2e",4,"spinor","3",true,"none","stable","src/autocode/grad2.c","base|with-f12|with-4c1e|with-f12+with-4c1e",true,"operator","2e","",""
"2e","ip1spsp2","int2e_ip1spsp2_spinor","2e",4,"spinor","3",true,"none","stable","src/autocode/grad2.c","base|with-f12|with-4c1e|with-f12+with-4c1e",true,"operator","2e","",""
"2e","ipspsp1spsp2","int2e_ipspsp1spsp2_spinor","2e",4,"spinor","3",true,"none","stable","src/autocode/grad2.c","base|with-f12|with-4c1e|with-f12+with-4c1e",true,"operator","2e","",""
"2e","ipsrsr1","int2e_ipsrsr1_spinor","2e",4,"spinor","3",true,"none","stable","src/autocode/grad2.c","base|with-f12|with-4c1e|with-f12+with-4c1e",true,"operator","2e","",""
"2e","ip1srsr2","int2e_ip1srsr2_spinor","2e",4,"spinor","3",true,"none","stable","src/autocode/grad2.c","base|with-f12|with-4c1e|with-f12+with-4c1e",true,"operator","2e","",""
"2e","ipsrsr1srsr2","int2e_ipsrsr1srsr2_spinor","2e",4,"spinor","3",true,"none","stable","src/autocode/grad2.c","base|with-f12|with-4c1e|with-f12+with-4c1e",true,"operator","2e","",""
"2e","spsp2","int2e_spsp2_spinor","2e",4,"spinor","1",true,"none","stable","src/autocode/dkb.c","base|with-f12|with-4c1e|with-f12+with-4c1e",true,"operator","2e","",""
"2e","ip1v_r1","int2e_ip1v_r1_cart","2e",4,"cart","9",false,"none","stable","src/autocode/intor2.c","base|with-f12|with-4c1e|with-f12+with-4c1e",true,"operator","2e","",""
"2e","ip1v_r1","int2e_ip1v_r1_sph","2e",4,"sph","9",false,"none","stable","src/autocode/intor2.c","base|with-f12|with-4c1e|with-f12+with-4c1e",true,"operator","2e","",""
"2e","ip1v_r1","int2e_ip1v_r1_spinor","2e",4,"spinor","9",true,"none","stable","src/autocode/intor2.c","base|with-f12|with-4c1e|with-f12+with-4c1e",true,"operator","2e","",""
"2e","ip1v_rc1","int2e_ip1v_rc1_cart","2e",4,"cart","9",false,"none","stable","src/autocode/intor2.c","base|with-f12|with-4c1e|with-f12+with-4c1e",true,"operator","2e","",""
"2e","ip1v_rc1","int2e_ip1v_rc1_sph","2e",4,"sph","9",false,"none","stable","src/autocode/intor2.c","base|with-f12|with-4c1e|with-f12+with-4c1e",true,"operator","2e","",""
"2e","ip1v_rc1","int2e_ip1v_rc1_spinor","2e",4,"spinor","9",true,"none","stable","src/autocode/intor2.c","base|with-f12|with-4c1e|with-f12+with-4c1e",true,"operator","2e","",""
"2e","ipvg1_xp1","int2e_ipvg1_xp1_cart","2e",4,"cart","9",false,"none","stable","src/autocode/intor2.c","base|with-f12|with-4c1e|with-f12+with-4c1e",true,"operator","2e","",""
"2e","ipvg1_xp1","int2e_ipvg1_xp1_sph","2e",4,"sph","9",false,"none","stable","src/autocode/intor2.c","base|with-f12|with-4c1e|with-f12+with-4c1e",true,"operator","2e","",""
"2e","ipvg1_xp1","int2e_ipvg1_xp1_spinor","2e",4,"spinor","9",true,"none","stable","src/autocode/intor2.c","base|with-f12|with-4c1e|with-f12+with-4c1e",true,"operator","2e","",""
"2e","ipvg2_xp1","int2e_ipvg2_xp1_cart","2e",4,"cart","9",false,"none","stable","src/autocode/intor2.c","base|with-f12|with-4c1e|with-f12+with-4c1e",true,"operator","2e","",""
"2e","ipvg2_xp1","int2e_ipvg2_xp1_sph","2e",4,"sph","9",false,"none","stable","src/autocode/intor2.c","base|with-f12|with-4c1e|with-f12+with-4c1e",true,"operator","2e","",""
"2e","ipvg2_xp1","int2e_ipvg2_xp1_spinor","2e",4,"spinor","9",true,"none","stable","src/autocode/intor2.c","base|with-f12|with-4c1e|with-f12+with-4c1e",true,"operator","2e","",""
"3c2e","ipspsp1","int3c2e_ipspsp1_spinor","3c2e",3,"spinor","3",true,"none","stable","src/autocode/int3c2e.c","base|with-f12|with-4c1e|with-f12+with-4c1e",true,"operator","3c2e","",""
"1e","pnucp","int1e_pnucp_cart","1e",2,"cart","1",false,"none","stable","src/autocode/intor1.c","base|with-f12|with-4c1e|with-f12+with-4c1e",true,"operator","1e","",""
"1e","pnucp","int1e_pnucp_sph","1e",2,"sph","1",false,"none","stable","src/autocode/intor1.c","base|with-f12|with-4c1e|with-f12+with-4c1e",true,"operator","1e","",""
"1e","pnucp","int1e_pnucp_spinor","1e",2,"spinor","1",true,"none","stable","src/autocode/intor1.c","base|with-f12|with-4c1e|with-f12+with-4c1e",true,"operator","1e","",""
"1e","prinvp","int1e_prinvp_cart","1e",2,"cart","1",false,"none","stable","src/autocode/intor1.c","base|with-f12|with-4c1e|with-f12+with-4c1e",true,"operator","1e","",""
"1e","prinvp","int1e_prinvp_sph","1e",2,"sph","1",false,"none","stable","src/autocode/intor1.c","base|with-f12|with-4c1e|with-f12+with-4c1e",true,"operator","1e","",""
"1e","prinvp","int1e_prinvp_spinor","1e",2,"spinor","1",true,"none","stable","src/autocode/intor1.c","base|with-f12|with-4c1e|with-f12+with-4c1e",true,"operator","1e","",""
